{"cameraMode":{"drawMode":0,"name":"Shaded","section":"Shading Mode"},"sceneLighting":false,"audioPlay":false,"sceneViewState":{"showFog":true,"showMaterialUpdate":false,"showSkybox":false,"showFlares":true,"showImageEffects":true,"showParticleSystems":true},"in2DMode":false,"pivot":{"x":0.0,"y":36.88999938964844,"z":0.050000011920928958},"rotation":{"x":-0.0176704041659832,"y":-0.19020111858844758,"z":-0.0034239867236465217,"w":0.9815810918807983},"size":0.8620234131813049,"orthographic":true}