{"cameraMode":{"drawMode":0,"name":"Shaded","section":"Shading Mode"},"sceneLighting":true,"audioPlay":false,"sceneViewState":{"showFog":true,"showMaterialUpdate":false,"showSkybox":false,"showFlares":true,"showImageEffects":true,"showParticleSystems":true},"in2DMode":false,"pivot":{"x":-0.006346195936203003,"y":33.39485168457031,"z":-0.006139874458312988},"rotation":{"x":0.13992679119110108,"y":0.6136855483055115,"z":-0.11168409138917923,"w":0.7690181136131287},"size":0.64851975440979,"orthographic":false}