{"cameraMode":{"drawMode":0,"name":"Shaded","section":"Shading Mode"},"sceneLighting":true,"audioPlay":false,"sceneViewState":{"showFog":true,"showMaterialUpdate":false,"showSkybox":true,"showFlares":true,"showImageEffects":true,"showParticleSystems":true},"in2DMode":false,"pivot":{"x":-0.006346195936203003,"y":14.229999542236329,"z":-0.11331825703382492},"rotation":{"x":0.07780222594738007,"y":-0.4986684024333954,"z":0.045000869780778888,"w":0.8621259927749634},"size":2.61490797996521,"orthographic":false}